{
  "data": [
    {
      "movieName": "알리타, 베틀엔젤",
      "grade": 8.5,
      "releaseDate": "2019/02/05",
      "genre": ["액션", "어드벤처", "로맨스", "멜로", "스릴러", "SF"],
      "totalAudience": 1951814,
      "image": "/images/alita_battle_angel_ver2.jpg",
      "subIntro": "인간의 두뇌를 가진 기계 소녀\n그녀는 인간인가? 기계인가? 진짜 나를 깨워라!",
      "mainIntro": [
        "모두가 갈망하는 공중도시와 그들을 위해 존재하는 고철도시로 나누어진 26세기.",
        "고철 더미 속 모든 기억을 잃은 채 깨어난 알리타는 마음 따뜻한 의사 이도의 보살핌으로 새로운 삶을 시작한다.",
        "이도는 사이보그인 알리타에게 특별한 과거의 비밀과 영혼이 존재한다는 사실을 깨닫고 미스터리한 과거로부터 그녀를 지키고자 한다.",
        "한편, 새로운 친구 휴고는 알리타가 위험한 고철도시를 헤쳐나갈 수 있는 방법과 함께 기억을 되찾도록 돕는다.",
        "알리타가 자신의 과거에 다가 갈수록 도시를 지배하는 악랄한 세력들이 그녀를 노리며 제거하려고 하고 자신이 착취와 약탈의 고철도시를 구할 수 있는 열쇠임을 깨닫게 된 알리타는 사랑하는 가족과 친구, 새로운 세상을 위해 통제된 세상의 무시무시한 적들과 맞서게 되는데…"
      ]
    },
    {
      "movieName": "어벤져스:인피니티 워",
      "grade": 7.6,
      "releaseDate": "2018/04/25",
      "genre": ["액션", "SF", "어드벤쳐", "판타지"],
      "totalAudience": 11212710,
      "image": "/images/avengers_infinity_war_ver2_xlg.jpg",
      "subIntro": "새로운 조합을 이룬 어벤져스, 역대 최강 빌런 타노스에 맞서\n세계의 운명이 걸린 인피니티 스톤을 향한 무한 대결이 펼쳐진다!",
      "mainIntro": [
        "우주의 절반을 파괴하고 질서를 다시 세우려는 타노스에 맞서는 어벤져스 역시 역대 최강의 전투력을 갖췄다.",
        "업그레이드 된 수트를 입은 아이언맨과 스파이더맨, 와칸다의 기술력과 비브라늄을 장착한 캡틴 아메리카와 윈터 솔져, 그리고 가디언즈 오브 갤럭시와 토르가 만들어낼 새로운 무기 등 3년 만에 돌아온 어벤져스의 새로운 면모는 타노스의 계획이 그리 만만치 않을 것임을 예고한다.",
        "한편, 비전과 닥터 스트레인지는 각각 인피니티 스톤을 소유하고 있어 이번 영화에서 가장 큰 위기를 예고하며 긴장감을 더한다.",
        "23명의 슈퍼 히어로와 1명의 압도적인 빌런 타노스가 6개의 인피니티 스톤을 두고 펼치는 세계의 운명을 건 압도적 대결에, 마블 팬들과 전 세계 관객들의 기대감은 정점에 다다르고 있다."
      ]
    },
    {
      "movieName": "토이스토리 4",
      "grade": 9.8,
      "releaseDate": null,
      "genre": ["애니메이션", "어드벤쳐", "코미디"],
      "totalAudience": 0,
      "image": "/images/toy_story_four_ver9_xlg.jpg",
      "subIntro": "새 주인 ‘보니’와 함께 즐거운 시간을 보내던\n‘우디’와 ‘버즈’가 사라진 ‘보핍’을 찾아 장난감 친구들과 함께\n모험을 떠나면서 벌어지는 이야기",
      "mainIntro": [
        "새 주인 ‘보니’와 함께 즐거운 시간을 보내던 ‘우디’와 ‘버즈’가 사라진 ‘보핍’을 찾아 장난감 친구들과 함께 모험을 떠나면서 벌어지는 이야기"
      ]
    },
    {
      "movieName": "어벤져스:엔드게임",
      "grade": 9.1,
      "releaseDate": null,
      "genre": ["액션", "SF"],
      "totalAudience": 0,
      "image": "/images/avengers_endgame_ver37_xlg.jpg",
      "subIntro": "인피니티 워 이후 절반만 살아남은 지구\n마지막 희망이 된 어벤져스\n먼저 떠난 그들을 위해 모든 것을 걸었다!",
      "mainIntro": ["위대한 어벤져스 운명을 바꿀 최후의 전쟁이 펼쳐진다!"]
    },
    {
      "movieName": "겟 아웃",
      "grade": 7.5,
      "releaseDate": "2017/05/17",
      "genre": ["공포"],
      "totalAudience": 2138425,
      "image": "/images/get_out_ver3.jpg",
      "subIntro": "흑인 남자가 백인 여자친구 집에 초대 받으면서 벌어지는 이야기를 그린 영화",
      "mainIntro": [
        "공개 6일 만에 메인 예고편 조회수 1,000만 뷰 돌파! 개봉 요청 쇄도!",
        "관객들의 폭발적 반응이 개봉시킨 영화!",
        "로튼 토마토 신선도 지수 99%! 북미 박스오피스 1위!",
        "제작비 대비 42배 이상 흥행 수익 달성!"
      ]
    },
    {
      "movieName": "미녀와 야수",
      "grade": 6.9,
      "releaseDate": "2017/03/16",
      "genre": ["판타지", "뮤지컬", "로맨스", "멜로"],
      "totalAudience": 5138330,
      "image": "/images/beauty_and_the_beast_ver4.jpg",
      "subIntro": "스크린에 재탄생한 세기의 걸작!\n전 세계가 기다려온 가장 아름다운 이야기!",
      "mainIntro": [
        "똑똑하고 아름다운 ‘벨(엠마 왓슨)’은 아버지와 살고 있는 작은 마을에서 벗어나 운명적인 사랑과 모험을 꿈꾼다.",
        "어느 날 행방불명된 아버지를 찾아 폐허가 된 성에 도착한 벨은 저주에 걸린 ‘야수’(댄 스티븐스)를 만나 아버지 대신 성에 갇히고,",
        "야수 뿐 아니라 성 안의 모든 이들이 신비로운 장미의 마지막 꽃잎이 떨어지기 전에 저주를 풀지 못하면 영원히 인간으로 돌아올 수 없는 운명임을 알게 된다.",
        "성에서 도망치려던 벨은 위험한 상황에서 자신을 보호해 준 야수의 진심을 알게 되면서 차츰 마음을 열어가기 시작하는데…"
      ]
    },
    {
      "movieName": "주먹왕 랄프 2: 인터넷 속으로",
      "grade": 7.6,
      "releaseDate": "2019/01/03",
      "genre": ["애니메이션", "어드벤처", "코미디", "판타지"],
      "totalAudience": 1758891,
      "image": "/images/ralph_breaks_the_internet_wreckit_ralph_two_ver4_xlg.jpg",
      "subIntro": "오락실 게임 세상에 이어 이번엔 인터넷 세상이 발칵 뒤집힌다?!",
      "mainIntro": [
        "각종 사고를 치며 게임 속 세상을 뒤집어 놨던 절친 주먹왕 ‘랄프’와 ‘바넬로피’는 버려질 위기에 처한 오락기 부품을 구하기 위해 와이파이를 타고 인터넷 세상에 접속한다.",
        "얼떨결에 올린 동영상으로 순식간에 핵인싸에 등극한 ‘랄프’와 룰도 트랙도 없는 스릴만점 슬로터 레이스 게임에 참여하게 된 ‘바넬로피’",
        "지금껏 경험한 적 없는 엄청난 스케일과 새로운 재미에 흠뻑 빠진 ‘랄프’와 ‘바넬로피’는 랜섬웨어급 사고로 인터넷 세상을 혼란에 빠뜨리는데…",
        "과연, 이들은 무사히 집에 돌아갈 수 있을까?"
      ]
    },
    {
      "movieName": "드레곤 길들이기 3",
      "grade": 8.4,
      "releaseDate": "2019/01/30",
      "genre": ["애니메이션", "어드벤처"],
      "totalAudience": 1506928,
      "image": "/images/how_to_train_your_dragon_the_hidden_world_xlg.jpg",
      "subIntro": "영원히 기억될 그들의 마지막 모험이 시작된다!",
      "mainIntro": [
        "영원한 친구 히컵과 투슬리스의 활약으로 사람과 드래곤이 공존하며 평화롭게 살아가는 버크섬.",
        "새로운 드래곤 ‘라이트 퓨어리’를 쫓아간 투슬리스를 찾다가 히컵은 누구도 찾지 못했던 드래곤의 파라다이스 ‘히든월드’를 우연히 발견하게 된다.",
        "하지만 평화도 잠시, 역대 최악의 드래곤 헌터 그리멜의 등장으로 드래곤들의 안전과 버크섬의 평화까지 위협받기 시작하는데…"
      ]
    }
  ]
}
